Gads,Atsauksmes,Atrašanās vieta,Guļamistabas,Gultas,Cena,Numura kvadratr,Vesels mājoklis,Terase,Sauna,Autostavveita,Wi-fi,Veļas mazgājamā masīna,Virtuve,Dārzs,Grils,Privāta vannas istaba,,baseins,restorāns,apkalpošana numura,brokastis,bārs
2022,9,9.7,1,2,130,60,1,0,0,1,1,0,0,0,0,0,0,0,0,0,0,0
2019,9.6,9.4,1,3,80,56,1,0,0,1,1,1,1,1,1,1,0,0,0,0,0,0
2022,9.5,9.4,1,3,82,66,1,1,0,1,1,1,1,1,1,0,0,0,0,0,0,0
2010,8.6,9.5,0,2,62,18,0,0,0,0,1,0,0,0,0,0,0,1,1,1,1,1
2007,8.3,9.4,0,2,46,16,0,0,0,1,1,0,0,0,0,0,0,0,1,1,1,1
2017,9.4,9.1,0,1,71,22,0,0,0,1,1,0,0,0,0,0,0,0,1,1,1,1
2019,8,9,0,3,70,18,0,0,0,1,1,0,0,0,0,0,0,0,1,1,1,1
2007,8,9.5,0,2,62,17,0,0,0,1,1,0,0,0,0,0,0,0,1,1,1,1
2014,8.8,9.6,0,2,52,17,0,0,0,1,1,0,0,0,0,0,0,1,1,1,1,1
2013,9,9.4,0,2,229,29,0,0,0,1,1,0,0,0,0,0,0,1,1,1,1,1
2016,8.9,8.7,0,2,54,23,0,0,0,1,1,0,0,0,0,0,0,1,1,1,1,0
2010,8.8,9.2,0,2,89,15,0,0,0,1,1,0,0,0,0,0,0,1,1,1,1,1
2020,8.8,8.6,0,2,48,21,0,0,0,1,1,0,0,0,0,0,0,0,0,1,1,0
2010,8.6,9.2,0,2,55,17,0,0,0,1,1,0,0,0,0,0,0,0,0,0,1,0
2010,8.5,9.3,1,3,78,49,0,0,0,1,1,0,0,0,0,0,0,0,0,1,1,1
2013,9.1,9,1,3,50,45,0,0,1,1,1,0,0,1,1,1,0,0,0,0,0,0
2012,8.2,9,0,2,27,18,0,0,0,1,1,0,0,0,0,0,0,0,0,0,0,0
2013,8.9,9.4,2,3,75,18,0,0,0,1,1,0,0,0,0,0,0,1,1,1,1,1
2014,8.6,8.7,0,2,63,19,0,0,0,1,1,0,0,0,0,0,0,0,0,0,1,1
2015,9.1,9,0,3,60,18,0,0,0,1,1,0,0,0,0,0,0,0,1,1,1,1
2008,7.9,8.7,0,2,68,18,0,0,0,1,1,0,0,0,0,0,0,1,0,0,1,0
2016,8.8,9.3,0,2,68,15,0,0,0,1,1,0,0,0,0,0,0,0,0,0,1,0
2007,8.6,9.4,0,2,80,20,0,0,0,1,1,0,0,0,0,0,0,0,0,0,1,0
2013,9.3,9.3,0,2,50,15,0,1,0,1,1,0,0,0,0,0,0,0,0,0,1,0
2007,9,9.2,0,2,123,22,0,0,0,1,1,0,0,0,0,0,0,0,1,1,1,1
2012,8.7,9.6,0,2,145,15,0,0,0,0,0,0,0,0,0,0,0,1,1,1,1,1
2010,8.2,9.4,0,2,65,18,0,0,0,1,1,0,0,0,0,0,0,0,1,0,0,1
2009,8.9,9.2,0,2,49,15,0,0,0,1,1,0,0,0,0,0,0,0,1,1,1,1
2010,9,8.9,0,2,75,80,0,0,0,1,1,0,0,0,0,0,0,0,0,0,0,0
2009,8.9,9.3,0,2,55,18,0,1,0,1,1,0,0,0,0,0,0,0,0,0,0,0
2010,9.1,9.4,0,2,72,26,0,0,0,1,1,0,0,0,0,0,0,0,1,1,1,1
2010,8.6,9.2,0,2,82,20,0,0,0,1,1,0,0,0,0,0,0,0,1,1,1,1
2012,8.9,9.4,0,2,52,15,0,0,0,1,1,0,0,0,0,0,0,0,0,1,0,0
2021,8.1,8.3,0,2,96,16,0,0,0,1,1,0,0,0,0,0,0,1,0,0,1,0
2019,9.4,9.7,0,2,98,22,0,0,0,1,1,0,0,0,0,0,0,0,0,0,1,1
2011,9.6,9.6,0,2,59,15,0,0,0,1,1,0,0,0,0,0,0,0,1,1,1,1
2012,8.7,9.6,0,2,50,15,0,0,0,1,1,0,0,0,0,0,0,0,0,1,0,0
2012,8.2,8.7,0,2,87,17,0,0,0,1,1,0,0,0,0,0,0,1,1,1,1,1
2007,8.3,8.8,0,2,80,15,0,0,0,1,1,0,0,0,0,0,0,1,1,0,1,1
2007,9.1,9.4,0,2,55,20,0,0,0,1,1,0,0,0,0,0,0,0,1,1,1,1
2007,8.1,8.4,0,2,50,15,0,0,0,1,1,0,0,0,0,0,0,0,0,0,1,1
2007,8.6,8.7,0,2,62,18,0,0,0,1,1,0,0,0,0,0,0,0,1,1,1,1
2010,8.1,9,0,2,40,28,0,0,0,1,1,0,0,0,0,0,0,0,0,0,0,0
2018,8.7,9.4,0,2,78,21,0,0,0,1,1,0,0,0,0,0,0,1,1,1,1,1
2018,9,9.4,1,2,80,29,0,0,0,1,1,0,0,0,0,0,0,0,0,0,0,0
2018,9.4,9.4,0,2,60,24,0,0,0,1,1,0,0,0,0,0,0,0,0,0,0,0
2009,8.8,9.6,0,2,47,15,0,0,0,1,1,0,0,0,0,0,0,0,0,0,0,0
2012,7.8,8,0,2,23,18,0,0,0,1,1,0,0,0,0,0,0,0,1,0,1,1
2020,9.4,9.4,1,2,49,30,1,0,0,1,1,1,1,1,0,1,0,0,0,0,0,0
2022,9.5,9,1,2,141,45,1,0,0,1,1,0,1,1,1,0,0,0,0,0,0,0
2009,8.7,9.6,0,2,86,19,0,0,0,0,1,0,0,0,0,0,0,1,0,0,0,0
2019,9.3,9.5,1,2,58,41,1,0,0,1,1,1,1,0,0,1,0,0,0,0,0,0
2007,8.1,8.9,0,2,53,15,0,0,1,1,1,0,0,0,0,0,0,0,0,0,0,0
2010,8.8,8.9,0,2,63,26,0,0,0,1,1,0,0,0,0,0,0,0,1,1,1,1
2020,8.1,9.3,7,14,400,320,1,0,0,1,1,1,1,1,1,0,0,0,0,0,0,0
2012,9.6,9.4,0,2,90,23,0,0,0,1,1,0,0,0,0,0,0,0,1,1,1,1
2013,9.2,9.2,0,2,119,60,0,0,0,1,1,0,0,0,0,0,0,1,1,1,1,1
2010,9.4,9.4,0,2,45,18,0,0,0,1,1,0,0,0,0,0,0,1,0,0,0,0
2010,9.3,9.3,0,2,110,20,0,0,0,1,1,0,0,0,0,0,0,0,1,1,1,1
2021,8.8,9.1,0,2,65,16,0,0,0,1,1,0,0,0,0,0,0,0,0,0,1,0
2022,9.2,9.2,0,2,63,20,0,0,0,1,1,0,0,0,0,1,0,0,0,0,0,0
2010,7.9,7.9,0,2,45,16,0,0,0,1,1,0,0,0,0,0,0,0,0,0,0,0
2013,9.5,9.3,0,2,69,18,0,0,0,1,1,0,0,0,0,0,0,0,0,0,1,0
2022,9.8,9.6,0,2,252,25,0,0,0,0,1,0,0,0,0,0,0,0,0,0,0,0
2015,9,9.2,0,2,110,60,0,0,0,1,0,0,0,0,0,0,0,0,0,0,0,0
2015,8.5,9.5,0,2,75,15,0,0,0,1,1,0,0,0,0,0,0,0,1,0,0,0
2012,8.9,8.8,0,2,55,16,0,0,0,1,1,0,0,0,0,0,0,0,0,0,0,0
2012,9.3,9.4,2,4,95,55,0,0,0,1,1,0,0,0,0,0,0,0,0,0,0,0
2008,7.6,8.8,0,2,52,22,0,0,0,1,1,0,0,0,0,0,0,0,1,1,1,1
2015,9.1,9.6,0,2,57,23,0,0,0,1,1,0,0,0,0,0,0,0,0,0,1,0
2012,8.9,9.6,0,2,30,15,0,0,0,1,1,0,0,0,0,0,0,0,1,0,1,0
2016,8.7,8.7,1,3,55,30,1,0,0,1,1,0,1,0,0,0,0,0,0,0,0,0
2009,7.7,8.6,0,2,57,20,0,0,0,1,1,0,0,0,0,0,0,0,0,0,0,1
2021,9.6,9.4,1,2,150,23,1,0,0,1,1,0,0,1,1,0,0,0,0,0,0,0
2007,9,9.8,1,2,72,18,0,0,0,1,1,0,0,0,0,0,0,0,0,0,1,1
2020,9.3,9,0,2,55,15,0,0,0,1,0,0,0,0,0,0,0,0,0,0,0,0
2010,8,8,0,2,61,20,0,0,0,1,1,0,0,0,0,0,0,1,0,0,1,0
2020,8.9,9.8,0,2,53,16,0,0,0,1,1,0,0,0,0,0,0,0,0,0,0,0
2012,8.7,9.3,0,2,52,19,0,0,0,1,1,0,0,0,0,0,0,0,0,0,0,0
2023,9.1,9.1,0,2,75,16,0,0,0,1,1,0,0,0,0,0,0,0,0,0,1,0
2020,9.2,9.3,0,2,54,23,0,0,0,1,1,0,0,0,0,0,0,0,0,0,1,0
2009,8.3,8.9,0,2,115,16,0,0,0,1,1,0,0,0,0,0,0,0,1,1,1,1
2017,8.6,8.6,1,2,30,32,1,1,0,1,1,0,1,1,1,1,0,0,0,0,0,0
2023,8.8,9.3,0,2,45,24,0,0,0,1,1,0,0,0,0,0,0,0,0,0,1,1
2014,9.5,9.7,1,2,65,50,1,1,0,1,1,0,1,1,1,0,0,0,0,0,0,0
2023,9.6,9.5,1,2,68,18,0,0,0,1,1,0,0,0,0,0,0,0,0,0,0,0
2010,9.6,9.4,1,2,124,20,0,0,0,1,1,0,0,0,0,0,0,0,0,0,0,0
2009,9,9.6,0,2,86,27,0,0,0,1,1,0,0,0,0,0,0,0,0,0,1,1
2009,8.8,9,0,2,43,15,0,0,0,1,1,0,0,0,0,0,0,0,1,0,1,1
2020,9,8.9,0,2,119,28,0,0,0,1,1,0,0,0,0,0,0,0,0,0,0,0
2019,8.7,8.5,0,2,40,16,0,0,0,1,1,0,0,0,0,0,0,0,0,0,0,0
2022,9.5,9.5,1,2,83,39,1,1,0,1,1,0,1,1,1,1,0,1,0,0,0,0
2015,9,8.6,0,3,40,15,0,0,0,1,1,0,0,0,0,0,0,0,0,0,0,0
2009,8.9,9.4,0,2,60,18,0,0,0,1,1,0,0,0,0,0,0,0,1,1,1,1
2009,6.4,8,0,2,40,23,0,0,0,1,1,0,0,0,0,0,0,1,1,1,1,1
2017,8.8,9.5,1,3,110,50,0,0,0,1,1,0,0,0,0,0,0,0,0,0,0,0
2016,8.2,9.3,0,2,46,16,0,1,0,0,1,0,0,0,0,1,0,0,0,0,1,0
2019,8.6,9.3,1,2,39,17,1,0,0,1,1,1,1,1,0,0,0,0,0,0,1,0
2017,8.4,9.7,0,2,34,20,0,0,0,1,1,0,0,0,0,0,0,0,0,0,1,0
2010,8.6,8.9,0,2,48,30,0,0,0,1,1,0,0,0,0,0,0,0,0,0,1,0
2010,8.5,9.3,0,2,86,18,0,0,0,1,1,0,0,0,0,1,0,0,1,1,1,1
2007,8.5,9.2,0,2,78,16,1,1,0,0,0,0,0,1,0,1,0,0,1,1,1,1
2011,7.5,8.8,0,2,55,25,0,0,0,1,1,0,0,0,0,0,0,0,0,0,0,1
2013,8.1,8.7,0,2,40,22,0,0,0,1,1,0,0,0,0,0,0,0,0,0,1,0
2016,8.9,8.8,0,2,61,18,0,0,0,1,1,0,0,0,0,0,0,0,1,0,1,1
2019,9.5,9.2,1,2,53,33,1,0,0,1,1,0,0,0,0,1,0,0,0,0,0,0
2013,6.7,8.9,0,2,50,20,0,0,0,1,1,0,0,0,0,0,0,0,1,0,1,1
2009,8.8,9.5,0,2,105,20,0,0,0,1,1,0,0,0,0,0,0,0,1,1,1,1
2012,7.9,8.6,0,2,69,20,0,0,0,1,1,0,0,0,0,0,0,0,1,1,1,1
2022,9.8,9.9,1,2,98,24,1,1,0,1,1,0,1,1,1,1,0,0,0,0,0,0
2010,8.1,9,0,2,77,16,0,0,0,1,1,0,0,0,0,0,0,0,0,0,1,1
2010,7.1,8.7,0,2,35,15,0,0,0,1,1,0,0,0,0,0,0,0,0,1,1,1
2017,9.2,9.2,0,2,149,27,0,0,0,1,1,0,0,0,0,0,0,0,1,1,1,1
2010,8.8,9.4,0,2,78,26,0,0,0,1,1,0,0,0,0,0,0,0,1,1,1,1
2022,9.3,9.3,0,2,43,15,0,0,0,1,1,0,0,0,0,0,0,0,0,0,1,1
2020,9,9.5,0,2,50,16,0,0,0,1,1,0,0,0,0,0,0,0,0,0,0,0
2015,9.1,9.3,0,2,113,61,1,1,0,1,1,1,1,0,0,0,0,0,0,0,0,0
2021,9.8,9.8,1,3,110,100,1,1,1,1,1,0,0,1,0,0,0,0,0,0,0,0
2021,9.6,9.1,1,2,75,65,1,1,0,1,1,1,1,1,0,1,0,0,0,0,0,0
2014,8.2,8.7,0,2,55,29,0,0,0,1,1,0,0,0,0,0,0,0,0,0,1,1
2014,9.2,9,0,2,15,16,0,0,0,1,1,0,0,0,0,0,0,0,0,0,0,0
2012,8.4,9.2,0,2,39,18,0,0,0,1,1,0,0,0,0,0,0,0,1,1,1,1
2014,8.1,8.3,0,2,58,17,0,0,0,1,1,0,0,0,0,0,0,1,0,0,1,0
2012,7.9,8.3,0,2,27,20,1,1,0,1,1,1,0,0,0,0,0,0,0,0,0,0
2005,8.4,9.6,0,2,68,20,0,0,0,1,1,0,1,0,0,0,0,0,0,0,1,0
2022,9,8.5,0,2,45,24,0,0,0,1,1,0,0,0,0,0,0,0,0,0,1,0
2012,9.1,9.6,0,2,50,17,0,0,0,1,1,0,0,0,0,0,0,0,1,1,1,1
2013,8.8,9.4,0,2,48,15,0,0,0,1,1,0,0,0,0,0,0,0,0,0,0,0
2020,9.2,9.6,0,2,70,23,0,0,0,1,1,0,0,0,0,0,0,0,1,1,1,1
2015,9,9.1,0,2,55,15,0,0,0,1,1,0,0,0,0,0,0,0,0,0,1,0
2014,9.2,9.1,0,2,35,16,0,0,0,1,1,0,0,0,0,0,0,0,1,0,1,0
2014,8.4,9.1,0,2,95,20,0,0,0,1,1,0,0,0,0,0,0,0,1,1,1,1
2011,8.2,9.1,0,2,57,15,0,0,0,1,1,0,0,0,0,0,0,0,1,1,1,1
2010,8.4,8.3,0,2,95,25,1,1,0,1,1,1,0,1,0,0,0,0,1,1,1,1
2010,7.8,9.1,0,2,46,15,0,0,0,1,1,0,0,0,0,0,0,0,0,0,0,0
2016,9.5,8.6,2,7,50,60,0,0,0,1,1,0,0,0,0,0,0,0,0,1,0,0
2022,9.6,9.5,1,2,65,50,1,1,0,1,1,1,1,0,0,0,0,0,0,0,0,0
2017,9.1,9.1,0,2,40,40,0,0,0,1,1,0,0,0,0,0,0,0,0,0,0,0
2013,7.8,9.5,0,2,35,16,0,0,0,1,1,0,0,0,0,0,0,0,0,0,0,0
2015,9.5,9.8,1,5,34,65,1,0,0,0,0,1,1,0,0,0,0,0,0,0,0,0
2020,8.4,8.4,0,2,53,35,0,0,0,1,1,0,0,0,0,0,0,1,1,1,1,1
2019,9.1,9.1,1,2,105,35,1,1,0,1,1,1,1,0,0,0,0,0,0,0,0,0
2012,9.2,8.8,1,2,50,38,1,1,0,1,1,0,0,0,0,1,0,0,0,0,0,0
2016,9.1,9.3,1,8,76,40,0,0,0,1,1,0,0,0,0,0,0,0,0,0,0,0
2009,7.9,8.6,0,2,65,16,0,0,0,1,1,0,0,0,0,0,0,0,0,0,1,1
2010,8,9.2,0,2,45,28,0,0,0,1,1,0,0,0,0,0,0,0,1,0,0,1
2014,9.1,9.6,1,2,81,45,1,1,0,1,1,1,1,1,1,0,0,0,0,0,0,0
2012,8.1,8.3,0,2,45,15,0,0,0,1,1,0,0,0,0,0,0,0,1,0,1,1
2010,8.4,9.7,1,2,55,16,0,0,0,1,1,0,0,0,0,0,0,0,0,0,0,0
2019,9,9.2,1,4,39,55,1,0,0,1,1,0,1,0,0,0,0,0,0,0,0,0
2019,9.7,9.5,2,4,165,120,1,1,0,1,1,1,1,1,1,0,0,0,0,0,0,0
2013,9.1,9.1,0,2,50,18,0,0,0,1,1,0,0,0,0,0,0,0,0,0,0,0
2013,9.1,9.6,0,2,59,15,0,0,0,1,1,0,0,0,0,0,0,0,1,1,1,1
2016,8.9,9.3,0,2,94,24,0,0,0,1,1,0,0,1,0,0,0,1,1,1,1,1
2009,8.9,9.3,0,2,75,18,0,0,0,1,1,0,0,0,0,0,0,0,0,0,1,1
2010,9.2,9.6,0,2,78,10,0,0,0,1,1,0,0,0,0,0,0,0,0,0,1,1
2005,7.8,8,0,2,53,22,0,1,0,1,1,0,0,0,0,0,0,0,0,0,0,0
2022,9.4,9.7,1,3,92,25,1,1,1,1,1,0,0,1,1,1,0,0,0,0,0,0
2020,9,9.5,0,2,50,16,0,0,0,1,1,0,0,0,0,0,0,0,0,0,0,0
2023,9.4,9.5,0,2,40,29,0,0,0,1,0,0,0,0,0,0,0,0,0,0,0,0
2009,7.8,8.1,0,2,41,15,0,0,0,1,1,0,0,0,0,0,0,1,1,1,1,1
2023,9.4,9.4,0,2,36,15,0,1,0,1,1,0,0,0,0,0,0,0,0,0,0,0
2009,9.2,9.8,0,2,75,15,0,0,0,1,1,0,0,0,0,0,0,0,1,1,1,1
2010,9.3,8.7,0,2,60,24,0,0,0,1,1,0,0,0,0,0,0,0,0,0,0,0
2014,8.7,9,0,3,50,17,0,0,0,1,0,0,0,0,0,0,0,0,1,0,1,0
2009,9.3,9.7,0,2,73,20,0,0,0,1,1,0,0,0,0,0,0,0,0,1,1,1
2023,9.7,9.7,4,5,389,350,1,1,0,1,1,0,1,1,1,0,0,0,0,0,0,0
2018,7.9,9.4,1,2,33,30,1,0,0,1,1,0,1,0,0,1,0,0,0,0,0,0
2022,9.8,9.8,1,2,154,35,1,1,0,1,1,1,1,1,0,0,0,0,0,0,0,0
2009,8.9,9.5,0,2,70,21,0,0,0,1,1,0,0,0,0,0,0,0,1,1,1,1
2014,9.2,9.3,0,2,35,15,0,0,0,1,1,0,0,0,0,0,0,0,0,0,0,0
2013,8.3,9.5,0,2,71,17,0,0,0,1,1,0,0,0,0,0,0,0,1,1,1,1
2015,8.5,9.4,0,2,70,17,0,0,0,1,1,0,0,0,0,0,0,1,1,1,1,1
2009,7.7,9.2,0,2,58,16,0,0,0,1,1,0,0,0,0,0,0,0,1,1,1,1
2022,9.7,9.8,1,5,64,32,0,0,0,1,1,1,1,0,0,1,0,0,0,0,0,0
2013,0.3,9.6,0,2,72,15,0,0,0,1,1,0,0,0,0,0,0,1,1,1,1,1
2021,8.3,9.4,0,2,122,22,0,1,0,1,1,0,0,0,0,0,0,0,0,0,1,0
2009,8.1,8.4,0,2,49,19,0,0,0,0,0,0,0,0,0,0,0,0,0,1,1,1
2020,9.4,9.3,1,2,40,26,0,0,0,1,1,0,0,0,0,0,0,0,0,0,0,0
2019,8.9,9.7,0,2,83,22,0,0,0,1,1,0,0,0,0,0,0,0,1,1,1,1
2017,9.3,9.7,0,2,169,23,0,0,0,1,1,0,0,0,0,0,0,1,1,1,1,1
2013,7.7,8.7,0,2,50,24,0,0,0,1,1,0,0,0,0,0,0,0,1,1,1,1
2018,9.7,9.6,3,4,58,85,1,1,0,1,1,0,1,1,1,0,0,0,0,0,0,0
2017,9.7,9.7,2,6,100,100,1,1,1,1,1,0,1,0,1,1,0,0,0,0,0,0
2015,9.6,9.3,2,5,110,140,1,1,0,1,1,1,1,1,1,0,0,0,0,0,0,0
2008,8.2,9.2,1,2,60,18,0,0,0,1,1,0,0,0,0,0,0,0,0,1,1,1
2013,8.8,8.6,0,2,40,41,0,0,0,1,1,0,0,0,0,0,0,0,0,0,0,0
2012,8,9.3,0,2,53,25,1,0,0,1,1,0,0,0,0,0,0,0,1,0,1,1
2022,9.4,8.8,0,2,93,26,0,0,0,1,1,1,1,1,0,1,0,0,0,0,0,0
2022,9.8,9.7,1,5,64,32,0,0,0,1,1,0,0,0,0,0,0,0,0,0,0,0
2018,8.4,9,0,2,79,22,1,0,0,1,1,0,1,1,0,1,0,0,0,0,0,0
2013,8.7,9.6,0,2,89,16,0,0,0,0,1,0,0,0,0,0,0,0,0,1,1,1
2019,9.3,9.5,3,5,115,20,1,0,0,0,0,0,0,0,0,1,0,0,0,0,0,0
2016,8.7,8.8,0,2,60,25,0,0,0,1,1,0,0,0,0,0,0,1,1,1,1,1
2019,9.1,9.1,1,2,105,35,1,1,0,0,0,1,1,1,1,0,0,0,0,0,0,0
2015,8.6,8.3,3,10,295,150,1,1,1,0,0,0,1,1,1,0,0,0,0,0,1,0
2014,7.3,7.3,0,2,38,25,0,0,0,1,1,0,0,0,0,0,0,0,0,0,0,0
2015,9.6,9.7,2,3,130,85,1,1,0,1,1,0,1,1,1,0,0,0,0,0,0,0
2009,7.4,8.9,0,2,64,20,0,0,0,1,1,0,0,0,0,0,0,0,0,0,1,0
2007,8.2,9,0,2,65,15,0,0,0,1,1,0,0,0,0,0,0,0,1,1,1,1
2012,9.2,9,0,2,60,15,0,0,0,1,1,0,0,0,0,0,0,0,1,0,0,1
2018,9.6,9.4,1,3,90,40,0,1,0,1,1,0,0,1,1,1,0,0,1,0,1,1
2013,8.6,9.1,0,3,50,20,0,0,0,1,1,0,0,0,0,0,0,0,1,1,1,1
2016,9.1,9.3,1,3,39,29,1,0,0,1,1,1,1,1,1,1,0,0,0,0,0,0
2017,9.3,9.8,0,4,110,25,0,0,0,1,1,0,0,0,0,0,0,0,1,1,1,1
2022,9,9.4,0,3,30,38,0,0,0,1,1,0,0,0,0,0,0,0,0,0,0,0
2010,8.5,9.6,0,2,97,15,0,0,0,1,1,0,0,0,0,0,0,0,1,1,1,1
2012,8.5,9.4,0,2,65,16,0,0,0,1,1,0,0,0,0,0,0,0,0,0,0,1
2017,8.4,9.3,0,2,58,18,0,0,0,0,1,0,0,0,0,1,0,0,0,0,0,0
2015,9.5,9.9,1,2,60,30,1,1,0,1,1,0,1,0,0,1,0,0,0,0,0,0
2022,9.3,8.9,0,2,50,20,0,0,0,1,1,0,0,0,0,0,0,0,0,0,0,0
2020,8.6,8.8,0,2,38,15,0,0,0,1,1,0,0,0,0,0,0,0,0,0,0,0
2019,8.6,9.3,3,5,152,250,1,1,0,1,1,0,0,0,1,0,0,0,0,0,0,0
2010,7.9,9.6,0,2,94,18,1,0,0,1,1,0,0,0,0,0,0,0,1,1,1,1
2015,9,9.3,0,2,65,16,0,0,0,1,1,0,0,0,0,0,0,0,1,1,1,1
2022,9.9,9.5,1,2,254,24,1,1,0,1,1,0,1,1,1,0,0,0,0,0,0,0
2012,7.9,9.1,0,2,40,16,1,0,0,1,1,0,0,0,0,0,0,0,1,0,0,1
2014,8.1,8.7,0,2,55,15,0,0,0,1,1,0,0,0,0,0,0,0,0,0,0,1
2019,9.4,9,0,2,95,20,0,0,0,1,1,0,0,0,0,0,0,0,0,0,1,1
2020,8.9,9,0,2,55,38,0,0,0,1,1,0,0,0,0,0,0,0,0,0,0,0
2019,8.2,8.2,0,2,29,15,0,0,0,1,1,0,0,0,0,0,0,0,0,0,0,0
2008,9.4,9.8,0,2,75,26,0,0,0,1,1,0,0,0,0,0,0,0,1,1,1,1
2019,7.9,8.7,1,2,60,24,0,0,0,1,1,0,1,1,1,1,0,0,0,0,1,0
2009,8.1,8.2,0,2,52,18,0,0,0,1,1,0,0,0,0,0,0,0,0,0,1,0
2015,7.7,9,0,2,57,15,0,0,0,1,1,0,0,0,0,0,0,0,0,0,1,0
2012,8,9.4,0,2,53,25,0,0,0,1,1,0,0,0,0,0,0,0,1,0,1,1
2022,9,8.7,1,3,51,45,1,0,0,1,1,1,1,0,0,1,0,0,0,0,0,0
2013,7.9,8.7,0,2,81,35,0,0,0,1,1,0,0,0,0,0,0,0,1,0,1,1
2014,8.3,8.5,0,2,39,18,0,0,0,1,1,0,0,0,0,0,0,0,0,0,1,0
2015,8.8,9.1,1,2,55,35,1,0,0,1,1,0,0,0,0,0,0,0,0,0,0,0
2018,8.8,9.4,1,2,38,37,1,0,0,1,1,0,1,0,0,1,0,0,0,0,0,0
2020,8.1,9,0,2,50,18,1,0,0,1,1,0,0,0,0,1,0,0,0,0,0,0
2014,7.8,7.8,0,2,34,17,0,0,0,1,1,0,0,0,0,0,0,0,0,0,0,0
2007,8.4,8.2,0,2,60,20,0,0,0,1,1,0,0,0,0,0,0,0,0,1,1,0
2018,9.1,8.3,0,2,94,19,0,0,0,1,1,0,0,0,0,0,0,0,1,1,1,1
2023,8.8,9.1,1,2,45,40,1,0,0,1,1,0,1,0,0,1,0,0,0,0,0,0
2023,9.6,9.7,1,2,59,50,1,0,0,1,1,0,1,0,0,1,0,0,0,0,0,0
2016,9,9,1,2,65,37,1,0,0,1,1,1,1,0,0,1,0,0,0,0,0,0
2021,8.6,9,0,2,35,30,0,0,0,1,1,0,0,0,0,0,0,0,0,0,0,0
2020,9.2,9.6,1,3,41,55,1,0,0,1,1,1,1,1,0,1,0,0,0,0,0,0
2023,9,9,1,3,40,45,1,0,0,0,0,1,1,0,0,1,0,0,0,0,0,0
2017,9.1,8.8,1,7,45,65,1,0,1,1,1,1,0,1,1,0,0,0,0,0,0,0
2014,10,10,1,7,235,200,1,0,0,1,1,0,1,1,1,0,0,0,0,0,0,0
2017,8.4,8.9,1,1,40,22,1,0,0,1,1,1,1,0,0,1,0,0,0,0,0,0
2021,9.3,9.5,1,2,40,45,1,0,0,1,1,1,1,0,0,1,0,0,0,0,0,0
2011,8.8,9.3,0,2,58,20,1,0,0,1,1,0,0,0,0,0,0,0,0,0,0,0
2013,8.9,9.3,1,2,175,115,1,1,0,1,1,1,1,1,1,0,0,0,0,0,0,0
2022,9.8,9.8,1,2,95,39,1,0,0,1,1,0,1,1,0,0,0,1,1,0,0,1
2023,9.6,9.9,1,4,155,85,1,1,0,1,1,1,1,0,0,0,0,0,0,0,0,0
2017,8.7,8.8,0,2,65,24,1,0,0,1,1,0,0,0,0,0,0,0,1,1,1,1
2015,8.2,9.3,0,3,35,16,0,0,0,1,1,0,0,0,0,0,0,0,0,0,0,0
2014,8.3,9.1,1,2,40,40,0,1,0,1,1,0,1,0,0,1,0,0,0,0,0,0
2017,9.8,9.6,2,6,85,75,1,0,1,1,1,0,1,1,1,1,0,0,0,0,0,0
2014,9.1,9.4,0,2,40,20,0,0,0,1,1,0,0,0,0,0,0,0,0,0,0,0
2022,9.3,9.6,1,2,116,46,1,1,0,1,1,1,1,1,1,0,0,1,0,0,0,0
2019,9.5,9.9,2,2,67,45,0,0,0,0,1,1,1,0,0,0,0,0,0,0,0,0
2021,9.1,9.4,1,2,49,15,0,0,0,1,1,0,0,0,0,0,0,0,0,0,0,0
2015,9.2,9.4,0,2,40,30,0,0,0,1,1,0,0,0,0,0,0,0,0,0,0,0
2017,9.5,9.7,0,3,46,24,0,0,0,1,1,0,0,0,0,0,0,0,0,0,0,0
2023,9.8,9.8,1,2,59,29,0,0,0,1,1,0,1,0,0,1,0,0,0,0,0,0
2020,8.1,9.3,7,14,400,320,0,0,0,1,1,0,1,1,1,1,0,0,0,0,0,0
2012,9,9.3,0,3,90,40,0,0,0,1,1,0,1,1,1,0,0,0,0,0,0,0
2017,9.3,9.8,3,5,249,160,1,1,0,1,1,1,1,1,1,1,0,0,0,0,0,0
2017,7.1,8,0,3,30,45,1,0,0,1,1,0,0,0,0,0,0,0,0,1,1,0
2014,9.2,9.3,0,2,35,15,1,0,0,1,1,0,0,0,0,0,0,0,0,0,0,0
2019,9.2,9.8,0,2,50,18,0,0,0,1,1,0,0,0,0,0,0,0,0,0,0,0
2020,9.3,9.4,1,2,49,30,0,0,0,1,1,0,0,0,0,0,0,0,0,0,0,0
2019,9.2,9.8,0,2,40,20,0,0,0,1,1,0,0,0,0,0,0,0,0,0,0,0
2022,9.7,8.5,1,2,54,52,1,0,0,1,1,1,1,0,0,1,0,0,0,0,0,0
2017,8.9,9,1,2,55,24,1,1,0,1,1,0,1,1,1,1,0,0,0,0,0,0
2023,9.8,9.5,0,2,53,49,1,0,1,1,1,0,1,1,0,0,0,0,0,0,0,0
2017,8.7,9.5,0,3,35,20,1,0,0,1,1,0,0,0,0,0,0,0,0,0,0,0
2022,9.7,9.8,3,4,101,170,1,1,0,1,1,1,1,1,1,1,0,0,0,0,0,0
2013,9.2,9.5,0,2,39,25,1,0,0,1,1,0,0,0,0,0,0,0,0,0,0,0
2016,9,8.9,0,2,80,20,1,0,0,1,1,0,0,0,0,0,0,0,0,1,1,1
2007,7.5,9.6,0,2,61,18,1,0,0,1,1,0,0,0,0,0,0,0,0,0,1,0
2016,9,9.6,0,2,45,15,1,0,0,0,1,0,0,0,0,0,0,0,0,0,0,0
2023,9.7,9.4,1,2,100,25,1,1,0,1,1,0,0,1,0,1,0,0,0,0,0,0
2009,8.2,9,0,2,40,15,0,0,0,1,1,0,0,0,0,0,0,0,0,0,0,0
2023,7.7,8,1,2,39,34,1,0,0,1,1,0,1,1,0,1,0,0,0,0,0,0
2020,9.6,9.6,0,2,55,30,1,0,0,1,1,0,0,1,1,0,0,0,0,0,0,0
2017,9.1,9.6,1,3,46,25,1,0,0,1,1,0,0,1,0,0,0,0,0,0,0,0
2015,9,9.8,2,2,70,35,1,0,0,1,1,1,1,0,0,1,0,0,0,0,0,0
2017,9.2,9,2,4,60,35,1,0,0,1,1,0,0,0,0,0,0,0,0,0,0,0
2016,8.7,8.7,1,3,55,30,1,0,0,1,1,0,1,0,0,1,0,0,0,0,0,0
2020,9.3,9.2,2,4,72,48,1,1,0,1,1,0,1,1,1,0,0,0,0,0,0,0
2019,9.5,9.7,0,1,155,41,1,0,0,1,1,0,0,0,0,0,0,0,1,1,1,1
2018,9,9.4,1,6,60,35,1,1,1,1,1,0,0,1,1,1,0,0,0,1,1,1
2019,9,9.3,1,2,55,20,0,0,0,1,1,0,0,0,0,0,0,0,0,0,0,0
2011,8.2,8.6,0,2,55,25,1,0,0,1,1,0,0,0,0,0,0,0,0,0,0,0
2021,9.6,9.1,1,2,75,65,1,1,0,1,1,1,1,0,0,1,0,0,0,0,0,0
2020,8.6,9.5,1,2,66,18,1,0,0,0,1,0,1,0,0,1,0,0,0,0,0,1
2021,9.1,9.4,1,2,49,15,1,0,0,1,0,0,0,0,0,0,0,0,0,0,0,0
2015,7.6,7.6,0,2,45,24,0,0,0,1,1,0,0,0,1,0,0,0,0,0,0,0
2018,9,8.6,1,6,124,55,1,1,1,1,1,1,1,1,1,1,0,0,0,0,0,0
2020,8.7,8.5,1,2,54,50,1,0,0,1,1,1,1,0,0,1,0,0,0,0,0,0
2023,8.5,8,1,2,60,35,1,0,0,1,1,1,1,0,0,0,0,0,0,0,0,0
2022,8.7,8.2,2,3,97,60,1,1,0,1,1,0,0,1,1,0,0,0,0,0,0,0
2012,7.9,8.6,0,2,69,20,1,0,0,1,1,0,0,0,0,0,0,0,1,1,1,1
2021,9.4,9.4,1,2,155,24,1,1,0,1,1,0,1,1,0,0,0,0,0,0,0,0
2015,8.6,8.8,0,4,30,34,1,0,0,1,1,0,0,0,0,0,0,0,0,0,0,0
2016,9.2,9.3,0,2,120,29,1,1,0,1,1,0,0,0,0,0,0,0,0,0,0,0
2019,9.3,9.1,1,3,100,50,1,1,0,1,1,0,1,1,1,1,0,0,0,0,1,0
2009,7.3,8,0,2,49,21,1,1,0,1,1,0,0,0,0,0,0,0,0,0,1,0
2014,8.1,9.1,0,2,30,15,1,0,0,1,1,0,0,0,0,0,0,0,0,0,0,0
2019,9.6,9.6,1,2,85,24,1,0,0,1,1,0,0,0,0,0,0,0,0,0,0,0
2013,8.9,9.3,1,2,100,115,1,0,0,1,1,0,0,0,0,0,0,0,0,0,0,0
2021,9.7,9.5,1,4,90,24,1,1,0,1,1,0,0,1,1,0,0,0,0,0,0,0
2022,9.8,9.6,1,2,135,200,1,1,0,1,1,0,1,1,1,0,0,1,0,0,0,0
2023,9,10,2,4,73,50,1,1,1,1,1,0,1,1,1,1,0,0,0,0,0,0
2021,9.8,9.3,1,6,117,80,1,1,0,1,1,1,1,1,1,0,0,0,0,0,0,0
2023,8.9,9.3,1,2,114,24,1,1,0,1,1,1,1,1,0,1,0,0,0,0,0,0
2010,8,9.4,1,2,105,30,1,0,0,1,1,0,0,0,0,0,0,0,1,1,1,1
2019,9.6,9.5,1,3,59,49,1,0,0,1,1,1,1,0,0,0,0,0,0,0,0,0
2022,9.5,9.7,1,2,137,35,1,0,0,1,1,1,0,0,0,1,0,0,0,0,0,0
2023,9.6,10,2,4,54,107,1,0,0,1,1,1,1,1,0,1,0,0,0,0,0,0
2014,8.7,9.5,0,2,40,16,0,0,0,1,1,0,0,0,0,0,0,0,0,0,0,0
2023,9.8,9.5,2,4,53,49,1,0,1,1,1,0,1,1,0,0,0,0,0,0,0,0
2022,9.3,9.3,1,2,175,45,1,1,1,1,1,0,1,1,1,1,0,0,0,0,1,0
2008,9,9.3,0,2,77,20,1,0,0,1,1,0,0,0,0,0,0,0,0,0,0,0
2017,9.2,9.5,0,2,55,43,1,0,0,1,1,1,1,1,1,0,0,0,0,0,0,1
2010,8.1,8.9,0,2,70,18,1,0,0,1,1,0,0,0,0,0,0,1,1,0,1,1
2020,8.6,9.5,1,2,66,18,1,0,0,1,1,0,1,0,0,1,0,0,0,0,0,1
2022,9.2,9.1,1,2,43,53,1,0,0,1,1,1,1,0,0,0,0,0,0,0,0,0
2019,9.4,9.6,0,2,40,20,1,0,0,1,1,0,0,0,0,0,0,0,0,0,0,0
2022,9.9,9.7,1,2,80,24,1,1,0,1,1,1,1,1,1,0,0,0,0,0,0,0
2022,9.9,10,0,2,145,18,1,0,0,1,1,0,1,0,0,0,0,1,0,0,0,0
2021,9.1,9.4,1,2,105,14,1,1,0,1,1,0,0,1,0,0,0,0,0,0,0,0
2021,8.8,9.3,1,3,50,15,1,0,0,1,1,0,0,0,0,0,0,0,0,1,1,0
2020,9.5,9.5,1,2,90,25,1,1,0,1,1,0,1,1,1,0,0,0,0,0,0,0
2009,8.3,9.6,0,2,30,18,1,1,0,1,1,1,1,1,0,1,0,0,1,0,0,1
2015,9.4,9.9,1,2,70,50,1,1,1,1,1,0,1,0,0,1,0,0,0,0,0,0
2009,8.8,9.5,0,2,114,22,1,1,0,1,1,0,1,0,0,0,0,0,0,0,1,0
2022,9.9,9.6,2,3,64,68,1,0,0,1,1,1,0,0,0,1,0,0,0,0,0,0
2022,8.7,8.6,2,3,97,60,1,1,0,1,1,0,1,1,1,0,0,0,0,0,0,0
2018,8.5,8.8,1,2,62,45,1,0,0,1,1,0,0,0,0,0,0,0,0,0,0,0
2022,9.3,8.9,0,2,50,20,0,0,0,1,1,0,1,0,0,0,0,0,0,0,0,0
2019,9,8.2,1,2,80,21,1,0,0,1,1,0,0,0,0,1,0,0,0,0,0,0
2023,7.3,9.2,2,3,45,70,1,0,0,1,1,0,1,1,0,1,0,0,0,0,0,0
2018,9.5,9.4,2,2,50,44,1,0,0,1,1,1,1,0,0,1,0,0,0,0,0,0
2014,9.1,9.8,2,5,100,100,1,0,0,1,1,1,1,1,1,1,0,0,0,0,0,0
2014,9.7,9.9,1,2,80,46,1,0,0,1,1,1,1,0,0,1,0,0,0,0,0,0
2023,9.7,9.5,0,2,61,72,1,0,0,0,0,1,1,0,0,0,0,0,0,0,0,0
2014,7.9,8,0,2,40,18,0,0,0,1,1,0,1,0,0,0,0,0,1,0,0,0
2017,9.5,9.4,3,3,108,120,1,0,0,1,1,1,0,1,0,0,0,0,0,0,0,0
2022,9.4,9.9,1,2,58,37,1,0,0,1,1,0,1,1,0,0,0,0,0,0,0,0
2023,9.8,9.7,1,2,65,52,1,0,0,1,1,1,1,0,0,0,0,0,0,0,0,0
2016,8.4,8.5,0,2,48,25,1,0,0,1,1,0,1,0,0,0,0,0,1,0,0,1
2020,9.4,9.5,1,3,70,35,1,1,0,1,1,1,0,1,0,1,0,0,0,0,0,0
2022,8.1,8.4,1,2,39,39,1,0,0,1,1,0,1,0,0,0,0,0,0,0,0,0
2013,9.4,9.5,0,2,45,15,1,0,0,1,1,0,1,0,0,0,0,0,0,0,1,0
2019,9.4,9.4,3,8,83,100,1,0,0,1,1,0,0,0,0,0,0,0,0,0,0,0
2015,7.6,7.6,0,2,45,24,1,0,0,1,1,0,1,0,1,1,0,0,0,0,0,0
2019,9.4,9.5,1,2,58,41,1,0,0,1,1,1,0,0,0,0,0,0,0,0,0,0
2022,9,9,2,5,85,50,1,0,0,1,1,0,1,0,0,0,0,0,0,0,0,0
2018,9.5,9.4,2,2,50,44,1,0,0,1,1,1,0,0,0,1,0,0,0,0,0,0
2019,7.9,9,1,3,55,32,1,0,0,1,1,1,1,1,0,1,0,0,0,0,0,0
2019,9.4,9.6,0,2,100,60,0,0,0,1,1,0,1,0,0,0,0,0,0,0,0,0
2023,9.9,9.6,1,2,108,25,1,1,0,1,1,0,0,0,1,1,0,0,0,0,0,0
2021,9.8,9.7,1,3,100,35,1,0,0,1,1,0,0,0,0,0,0,0,0,0,0,0
2022,9.4,9.7,1,2,70,20,1,1,1,1,1,0,0,1,1,0,0,0,0,0,0,0
2018,9.3,8.8,1,2,42,29,1,0,0,1,1,1,0,0,0,0,0,0,0,0,0,0
2019,9.6,9.3,2,6,153,90,1,1,0,1,1,1,1,1,1,0,0,0,0,0,0,0
2023,10,10,4,15,305,170,1,1,0,1,1,1,1,1,1,0,0,0,0,0,0,0
2022,8.9,9,2,3,56,55,1,0,0,1,1,1,1,0,0,1,0,0,0,0,0,0
2023,9.9,9.9,1,2,82,35,1,1,0,1,1,0,1,0,1,0,0,1,1,0,0,1
2023,9.1,8.2,1,2,78,37,1,0,0,1,1,1,1,0,0,0,0,0,0,0,0,0
2019,9.3,9.7,1,2,43,33,1,0,0,1,1,1,1,0,0,0,0,0,0,0,0,0
2017,9.5,9.3,0,2,45,29,1,0,0,1,1,0,1,0,0,0,0,0,0,0,0,0
2019,9.6,9.7,0,2,65,21,1,0,0,1,1,0,0,0,0,1,0,0,0,0,0,0
2014,9.1,8.9,2,4,100,55,1,1,0,1,1,1,1,0,0,0,0,0,0,0,0,0
2019,9.6,9.5,1,2,99,64,1,1,0,1,1,1,1,0,0,0,0,0,0,0,0,0
2019,9.3,9.7,1,2,50,12,1,0,0,1,1,0,1,0,0,0,0,0,0,1,1,0
2012,9.8,9.8,1,4,75,80,1,1,0,1,1,0,0,1,1,0,0,0,0,0,0,0
2013,9,9.2,1,3,50,45,1,0,1,1,1,1,1,1,1,1,0,0,0,0,0,0
2018,9.7,9.7,1,3,90,40,1,0,0,1,1,0,0,0,0,0,0,0,0,0,1,0
2020,9.3,9.3,0,2,45,40,1,0,0,1,1,0,1,0,0,0,0,0,0,0,1,0
2023,9.7,9.3,0,2,53,34,1,0,0,1,1,1,0,0,0,0,0,0,0,0,0,0
2023,9.3,9.6,0,2,70,15,0,0,0,1,1,0,1,0,0,0,0,0,0,0,0,0
2020,8.3,8.3,1,3,28,25,1,0,0,1,1,1,0,1,1,1,0,0,0,0,0,0
2015,9.4,9.9,1,2,70,50,1,1,1,1,1,0,1,0,0,0,0,0,0,0,0,0
2020,9.6,9.8,1,2,60,29,1,1,0,1,1,1,1,0,1,0,0,0,0,0,0,0
2015,8.4,9.3,0,2,40,25,1,0,0,1,1,0,1,0,0,0,0,0,0,0,0,0
2012,8.9,9.4,0,4,60,22,1,0,0,1,1,0,0,0,0,0,0,0,0,0,0,0
2023,9.7,9.9,1,2,50,31,0,0,0,1,1,0,0,0,0,1,0,0,0,0,0,0
2023,9.5,9.7,1,3,114,35,0,0,0,1,1,0,0,0,0,0,0,0,0,0,0,0
2014,8.5,8.4,0,2,55,15,0,0,0,1,1,0,0,0,0,0,0,0,0,0,0,0
2018,9,8.9,1,2,48,35,0,0,0,1,1,0,0,0,0,0,0,0,0,0,0,0
2020,9.6,9.9,1,3,182,45,0,1,0,1,1,0,1,0,0,1,0,0,0,0,0,0
2021,9.7,9.7,1,2,110,40,0,1,1,1,1,0,1,0,1,0,0,0,0,0,0,0
2016,7.9,8.5,0,3,70,20,0,0,0,1,1,0,0,0,0,0,0,0,0,0,1,1
2017,9.2,9.3,1,2,80,45,0,0,0,1,1,0,0,0,0,0,0,0,0,0,0,0
2022,8.5,8.7,0,2,49,16,0,0,0,1,1,0,0,1,0,1,0,0,0,0,0,0
2021,9.5,9.5,1,4,188,120,0,1,0,1,1,1,0,0,0,0,0,0,0,0,0,0
2017,9.5,9.6,0,3,95,36,0,0,0,1,1,0,1,0,0,0,0,0,0,0,0,0
2017,9,9.7,1,2,80,27,0,0,0,1,1,1,0,0,0,1,0,0,0,0,0,0
2017,8.9,9.5,2,4,39,45,0,0,0,1,1,1,1,0,0,1,0,0,0,0,0,0
2017,9.6,9.7,1,2,70,38,0,0,0,1,1,1,1,0,0,1,0,0,0,0,0,0
2016,9.3,9.7,1,2,70,25,0,1,0,0,1,1,1,0,1,1,0,0,0,0,0,0
2017,9.4,9.5,1,4,100,42,0,0,0,1,1,0,1,0,0,0,0,0,0,0,1,0
2021,9.5,9.5,2,2,60,41,0,0,0,1,1,0,0,0,0,1,0,0,0,0,0,0
2022,9.6,9.9,1,2,72,40,0,0,0,1,1,0,1,1,0,1,0,0,0,0,0,0
2023,9.7,8.9,1,3,52,48,0,0,0,1,1,1,1,1,0,0,0,0,0,0,0,0
2010,8.8,8.4,0,2,160,45,0,0,0,1,1,0,1,0,0,0,0,1,1,1,1,1
2016,8.7,8.7,1,3,55,30,0,0,0,1,1,0,0,0,0,1,0,0,0,0,0,0
2005,8.9,9.7,0,2,139,19,0,0,0,1,1,0,1,0,0,0,0,0,1,1,1,1
2019,8.9,9.7,2,3,65,52,0,0,0,1,1,1,0,0,0,1,0,0,0,0,0,0
2023,9.5,9.6,1,2,100,25,0,1,0,1,1,1,1,1,0,0,0,0,0,0,0,0
2017,8.1,9.6,2,3,99,70,0,0,0,1,1,1,0,0,0,0,0,0,0,0,0,0
2011,7.1,8.2,0,2,45,26,0,0,0,1,1,0,1,0,0,0,0,0,0,0,0,1
2010,6.9,6.9,0,2,45,21,0,0,0,1,1,0,0,0,0,0,0,0,0,1,1,1
2011,8.8,9.4,1,2,40,15,0,0,0,1,1,0,0,0,0,0,0,0,0,0,1,0
2022,9.8,9.6,2,3,180,77,1,1,1,1,1,0,0,1,0,0,0,0,0,0,0,0
2019,9.6,9.3,1,3,60,52,1,0,0,1,1,1,1,0,0,0,0,0,0,0,0,0
2023,9.9,9.8,1,2,102,26,1,1,0,1,1,0,1,1,0,0,0,0,0,0,0,0
2011,9.2,9.5,1,4,100,50,0,0,0,1,1,0,1,0,0,0,0,0,0,0,0,0
2023,9.5,9.7,0,2,64,15,0,0,0,1,1,0,0,0,0,0,0,0,0,0,0,0
2022,9.5,9.7,3,4,94,55,1,1,0,1,1,1,0,1,1,1,0,0,0,0,0,0
2015,8.9,9.3,0,2,45,18,1,0,0,1,1,0,1,0,0,0,0,0,1,0,0,0
2023,7.4,9.2,0,2,80,20,1,0,0,1,1,1,0,1,1,1,0,0,0,0,0,0
2023,9.4,10,0,2,64,16,1,0,0,1,1,0,0,0,0,0,0,0,0,0,0,0
2021,9.6,9.6,1,2,53,63,1,1,0,1,1,1,0,0,0,0,0,0,0,0,0,0
2020,9.6,9.5,1,2,124,20,1,1,0,1,1,1,1,1,0,1,0,0,0,0,0,0
2023,9.3,9.1,0,2,59,39,1,0,0,1,1,1,1,0,0,0,0,0,0,0,0,0
2008,8.1,8.1,0,2,34,19,1,1,0,1,1,0,1,0,0,0,0,0,0,0,0,0
2023,9.1,9.8,2,3,105,90,1,0,0,1,1,1,0,0,0,0,0,0,0,0,0,0
2023,10,10,0,4,90,40,0,0,0,1,1,0,1,0,0,0,0,0,0,0,0,0
2022,9.9,10,0,2,145,18,0,0,0,1,1,0,0,0,0,0,0,0,0,0,0,0
2012,7.9,8.4,0,2,27,20,0,0,0,1,1,1,0,0,0,0,0,0,0,0,0,0
2015,9,9.4,1,5,60,40,0,1,0,1,1,0,1,0,1,0,0,0,0,0,0,0
2022,9.6,9.9,0,2,78,32,0,0,0,1,1,0,1,0,0,1,0,0,0,0,0,0
2023,9.6,9.5,2,2,58,43,0,0,0,1,1,1,1,0,0,1,0,0,0,0,0,0
2023,9.4,9.2,1,2,35,10,0,1,0,1,1,0,1,1,0,0,0,0,0,0,0,0
2023,9.7,9.7,1,3,84,75,1,1,0,1,1,1,0,1,1,0,0,0,0,0,0,0
2020,9.7,9.7,2,4,90,100,1,1,0,1,1,0,1,1,1,0,0,0,0,0,0,0
2021,9.4,9.3,1,2,60,47,0,0,0,1,1,1,1,0,0,1,0,0,0,0,0,0
2018,9,8.6,1,6,124,55,1,0,0,1,1,0,1,1,1,0,0,0,0,0,0,0
2016,9.8,10,1,2,115,34,1,1,0,1,1,1,1,1,1,0,0,0,0,0,0,0
2016,8.2,9.4,1,4,26,23,1,0,0,1,1,0,1,1,0,0,0,0,0,0,0,0
2022,9.3,9.6,1,2,36,36,0,0,0,1,1,0,0,0,0,0,0,0,0,0,0,0
2023,9.2,8.2,1,2,48,36,1,0,0,1,1,1,0,0,0,1,0,0,0,0,0,0
2022,9.4,9.5,0,2,59,30,1,0,0,1,1,0,1,0,0,0,0,0,0,0,0,0
2022,10,10,7,12,479,20,1,1,0,1,1,0,0,1,0,0,0,0,0,0,0,0
2020,9.6,9.3,3,1,136,120,1,1,1,1,1,0,1,1,1,0,0,0,0,0,0,0
2023,9.4,9.4,0,2,59,53,1,0,0,1,1,1,1,0,0,0,0,0,0,0,0,0
2018,9.1,9.6,1,3,133,51,1,0,0,1,1,1,1,0,0,0,0,0,0,0,0,0
2016,8.7,9.6,1,3,55,30,1,0,0,1,1,0,1,0,0,1,0,0,0,0,0,0
2023,9.6,9.7,0,2,58,23,0,0,0,1,1,0,1,0,0,0,0,0,0,0,0,0
2021,9.1,9.7,1,2,59,38,1,0,0,1,1,1,0,0,0,0,0,0,0,0,0,0
2023,9.7,10,2,3,118,60,1,0,0,1,1,1,1,1,1,0,0,0,0,0,0,0
2014,9,9.7,0,2,30,15,1,1,0,1,1,0,1,1,0,0,0,0,0,0,1,0
2019,7.9,9.2,2,6,57,52,1,0,0,1,1,1,0,0,0,1,0,0,0,0,0,0
2014,9.5,9.7,1,2,65,50,1,1,0,1,1,0,1,1,1,0,0,0,0,0,0,0
2023,9.7,10,1,7,91,80,1,1,0,1,1,0,1,1,1,0,0,0,0,0,0,0
2023,9.3,9.4,2,4,88,56,1,0,1,1,1,0,0,1,0,0,0,0,0,0,0,0
2014,9.5,9.7,1,3,99,85,1,1,0,1,1,0,1,0,1,0,0,0,0,0,0,0
2008,7.8,9.5,1,2,58,18,1,0,0,1,1,0,1,0,1,0,0,0,0,0,0,0
2015,7.3,7.3,0,2,38,17,1,0,0,0,0,1,0,0,1,0,0,0,0,0,0,0
2022,9.4,9.4,1,2,43,30,1,0,0,1,1,0,0,0,0,0,0,0,0,0,0,0
2013,8.2,9.1,0,2,28,24,1,0,1,1,1,0,0,0,0,0,0,0,0,0,0,0
2017,8.4,8.4,1,2,80,35,1,1,0,1,1,1,0,1,1,0,0,0,0,0,0,0
2022,9.6,9.4,1,2,50,30,1,0,0,1,1,0,1,0,0,1,0,0,0,0,0,0
2017,9.4,9.8,0,2,277,35,1,0,0,1,1,0,1,0,0,0,0,1,1,1,1,1
2021,9.5,8.9,1,3,55,52,1,0,0,1,1,0,0,0,0,0,0,0,0,0,0,0
2018,9.4,9.8,0,2,93,24,1,1,0,1,1,0,1,0,0,0,0,0,0,0,0,0
2017,8.1,8.5,0,2,57,21,1,0,0,1,1,0,1,0,0,0,0,0,0,0,0,0
2023,9.5,9.1,1,2,64,30,1,1,0,1,1,1,0,1,0,0,0,0,0,0,0,0
2023,7.7,7.7,0,2,34,19,1,0,0,1,1,0,0,0,0,0,0,0,0,0,0,0
2019,9.4,9.2,2,4,68,58,1,0,0,1,1,1,1,1,1,0,0,0,0,0,0,0
2019,9.6,9.6,2,6,120,59,1,1,0,1,1,0,1,1,1,0,0,0,0,0,0,0
2020,9.1,8.9,1,3,85,35,1,1,0,1,1,0,0,1,0,0,0,0,0,0,0,0
2013,9.7,9.7,2,3,80,153,1,0,0,1,1,0,0,1,1,0,0,0,0,0,0,0
2021,9.1,9.4,0,2,57,44,1,0,0,1,1,1,1,0,0,0,0,0,0,0,0,0
2018,9.5,9.3,1,2,60,55,1,0,0,1,1,1,1,0,0,0,0,0,0,0,0,0
2020,9.5,9.3,1,2,80,25,1,1,0,1,1,0,1,1,1,1,0,0,0,0,0,0
2019,9.5,9.2,1,2,53,33,1,0,0,1,1,0,1,0,0,1,0,0,0,0,0,0
2021,8.9,9,0,2,58,30,1,1,1,1,1,0,1,1,0,0,0,0,0,0,0,0
2021,9.9,10,1,2,162,55,1,1,0,1,1,0,0,0,1,0,0,0,0,0,0,0
2010,7.2,8.6,0,2,70,20,1,0,1,1,1,0,1,1,1,0,0,0,0,0,1,1
2021,9.5,9.3,1,2,60,20,1,0,0,1,1,0,0,1,1,1,0,0,0,0,0,0
2015,9.6,9.5,0,2,46,15,1,1,1,1,1,0,0,0,0,0,0,0,0,0,0,0
2011,7,7,0,2,29,15,1,0,1,1,1,0,0,0,0,0,0,0,0,0,0,0
2021,9.1,8.4,0,2,68,19,1,0,1,1,1,0,0,0,0,0,0,0,0,0,0,0
2018,9.6,9.5,3,7,144,200,1,1,1,1,1,1,0,1,1,0,0,0,0,0,0,0
2023,9.1,10,2,3,111,80,1,0,0,1,1,1,1,0,1,0,0,1,0,0,0,0
2023,9.9,9.9,0,2,115,72,1,0,0,1,1,1,0,0,0,0,0,0,0,0,0,0
2018,9.6,9.1,1,2,57,28,1,0,0,1,1,1,1,1,1,1,0,0,0,0,0,0
2021,9.7,9.5,0,2,60,19,1,1,1,1,1,0,1,1,0,0,0,0,0,0,0,0
2007,8.9,9.8,0,2,80,23,1,1,0,0,1,0,0,0,0,0,0,0,0,0,1,0
2017,8.8,8.8,0,2,85,30,1,1,1,1,1,1,0,1,1,0,0,0,0,0,0,0
2009,8.7,9.6,0,2,101,22,1,1,0,0,0,0,0,0,0,0,0,0,0,0,1,0
2012,8.4,9.2,0,2,40,15,1,1,1,0,1,0,0,0,0,0,0,0,1,0,0,0
2023,10,9.5,1,2,108,42,1,1,0,1,1,1,0,1,0,0,0,0,0,0,0,0
2022,9.6,9.5,1,2,65,50,1,0,0,1,1,1,1,1,0,1,0,0,0,0,0,0
2008,8.9,9.5,0,2,90,20,1,0,0,1,1,0,1,0,0,0,0,0,0,0,1,0
2017,9.7,9.7,1,3,65,56,1,1,0,1,1,1,0,1,1,0,0,0,0,0,0,0
2012,9.2,9.4,0,2,80,17,1,0,1,1,1,0,1,1,0,0,0,0,1,0,0,0
2022,9.3,8.3,0,2,60,52,1,0,1,0,0,1,0,0,0,0,0,0,0,0,0,0
2023,9.9,10,1,2,130,54,1,1,0,1,1,1,1,1,0,0,0,1,0,0,0,0
2022,9.5,9.6,1,2,83,39,1,1,0,1,1,1,0,1,0,0,0,1,0,0,0,0
2021,9.7,9.6,0,2,76,40,1,1,0,1,1,0,1,1,0,0,0,0,0,0,0,0
2017,9.2,9.8,0,4,80,70,1,1,0,1,1,0,0,1,1,0,0,0,0,0,0,0
2012,9.1,8.6,1,7,75,60,1,1,1,1,1,0,0,0,0,0,0,0,0,0,0,0
2018,8.9,8.2,2,3,67,36,1,1,0,1,1,1,0,1,1,0,0,0,0,0,0,0
2021,9.7,9.5,1,2,140,27,1,1,1,1,1,0,1,1,1,0,0,0,0,0,0,0
2021,9.5,9.1,1,2,51,55,1,0,0,1,1,0,0,1,1,1,0,0,0,0,0,0
2023,9.3,8.9,0,2,59,20,1,1,0,1,1,0,1,1,0,0,0,0,0,0,0,0
2023,10,8.8,1,2,83,15,1,1,0,1,1,0,0,1,1,0,0,0,0,0,0,0
2018,9,93,1,2,55,30,1,0,0,1,1,1,0,0,0,0,0,0,0,0,0,0
2017,9.5,9.9,0,2,60,29,0,0,0,1,1,1,1,0,0,1,0,0,0,0,0,0
2017,8.7,9.6,2,6,42,30,1,0,0,1,1,0,1,0,0,0,0,0,0,0,0,0
2022,8.7,9.2,2,2,50,58,1,0,0,1,1,0,0,0,0,0,0,0,0,0,0,0
2017,8.5,9.3,1,2,62,45,1,0,0,1,1,0,0,0,0,1,0,0,0,0,0,0
2023,8,8,2,4,71,130,1,0,0,1,1,1,1,0,1,0,0,0,0,0,0,0
2023,8,8,1,2,79,180,1,1,0,1,1,1,1,0,0,0,0,0,0,0,0,0
2012,8,9.3,0,2,59,16,1,0,0,1,1,0,1,0,0,0,0,0,0,0,1,1
2010,7.2,8.6,0,2,70,20,1,0,1,1,1,1,0,1,1,0,0,0,0,0,0,0
2022,9.8,9.8,1,2,154,35,1,1,0,1,1,0,0,1,0,0,0,0,0,0,0,0
2020,8.1,8.7,1,2,60,30,1,1,1,1,1,0,1,1,0,0,0,0,0,0,0,0
2022,9.2,9.2,0,2,50,25,1,0,0,1,1,0,0,0,0,0,0,0,0,0,0,0
2022,9.4,8.5,1,2,54,37,1,0,0,1,1,1,1,0,0,0,0,0,0,0,0,0
2023,9.6,8.3,1,2,45,34,1,0,0,1,1,1,1,0,0,0,0,0,0,0,0,0
2018,9.7,9.6,3,4,58,85,1,1,0,1,1,0,1,1,1,0,0,0,0,0,0,0
2021,9.5,9.7,1,2,66,51,1,0,0,1,1,1,1,0,0,0,0,0,0,0,0,0
2013,8.6,8.3,0,2,55,18,1,0,0,1,1,0,1,1,0,0,0,0,1,1,1,1
2021,9.5,9.4,2,4,130,70,1,1,0,1,1,1,0,1,0,0,0,0,0,0,0,0
2019,9.1,9.7,3,5,219,120,1,1,0,1,1,1,1,1,0,0,0,0,0,0,0,0
2021,9.7,9.4,1,2,47,35,1,0,0,1,1,1,1,0,0,0,0,0,0,0,0,0
2017,9.5,9.6,0,2,60,20,1,1,0,1,1,0,1,1,1,0,0,0,0,0,0,0
2023,10,10,1,2,83,30,1,1,1,1,1,1,0,1,1,0,0,0,0,0,0,0
2019,8.6,9.6,1,4,38,40,1,0,0,1,1,1,1,0,0,1,0,0,0,0,0,0
2021,9.3,8.9,1,2,80,25,1,1,0,1,1,0,1,0,0,0,0,0,0,0,0,0
2015,9.5,9.7,1,3,105,24,1,1,0,1,1,1,0,1,1,0,0,0,0,0,0,0
2017,9,9.5,1,2,46,31,1,0,0,1,1,0,1,0,1,1,0,0,0,0,0,0
2023,9,8.7,2,3,75,72,1,0,0,1,1,0,0,0,0,1,0,0,0,0,0,0
2012,8.8,9.3,1,2,50,25,1,0,1,1,1,0,1,1,1,0,0,0,0,0,1,0
2021,9,9.2,1,2,80,20,1,1,0,0,0,0,0,0,0,1,0,0,0,0,0,0
2021,9.5,9.8,1,2,69,21,1,1,0,1,1,1,1,1,1,0,0,0,0,0,0,0
2023,9,9.2,1,2,72,27,1,1,1,1,1,0,1,0,1,0,0,0,0,0,0,0
2021,9.5,9.6,1,2,34,30,1,0,0,0,0,1,1,0,0,0,0,0,0,0,0,0
2021,9.5,9.4,1,2,63,64,1,0,0,1,1,0,1,0,0,1,0,0,0,0,0,0
2022,9.7,9.7,1,2,48,57,1,0,0,1,1,1,1,0,0,0,0,0,0,0,0,0
2015,8.6,8.9,1,2,88,28,1,1,0,1,1,0,1,1,1,0,0,0,0,0,0,0
2013,9.7,9.7,2,3,80,153,1,0,1,1,1,0,1,1,1,0,0,0,0,0,0,0
2023,9.6,10,1,2,85,47,1,0,0,1,1,1,1,0,0,0,0,0,0,0,0,0
2019,8.6,9.3,1,2,39,16,1,0,0,1,1,1,1,0,0,1,0,0,0,0,0,0
2021,8.6,8.6,0,2,27,15,1,0,0,1,1,0,1,0,0,0,0,0,0,0,0,0
2023,9.6,9.6,1,2,100,26,1,0,0,1,1,1,0,0,0,0,0,0,0,0,0,0
2019,8.5,8.8,1,4,96,44,1,1,0,1,1,0,1,1,1,1,0,0,0,0,0,0
2021,9.3,9.5,2,3,82,58,1,0,0,1,1,1,1,0,0,0,0,0,0,0,0,0
2020,9.5,8.9,1,2,45,35,1,0,0,1,1,1,1,0,0,0,0,0,0,0,0,0
2022,9.5,9.8,1,5,117,98,1,1,0,1,1,1,1,1,1,0,0,0,0,0,0,0
2023,9,10,1,2,80,24,1,1,0,1,1,1,1,1,1,0,0,0,0,0,0,0
2019,8.6,9.5,1,2,92,20,1,0,0,1,1,1,0,0,0,1,0,0,0,0,0,0
2020,9.9,9.4,1,4,72,70,1,1,0,1,1,0,1,1,0,0,0,0,0,0,0,0
2023,9,9.2,1,2,33,12,1,1,0,1,1,0,0,1,0,0,0,0,0,0,0,0
2022,8.8,8.3,1,3,121,100,1,0,1,1,1,1,0,1,1,0,0,0,0,0,0,0
2017,9.4,9.3,1,2,60,15,1,1,0,1,1,0,1,0,1,0,0,0,0,0,0,0
2013,8.4,8.7,0,2,67,15,1,0,0,1,1,0,0,1,0,0,0,0,0,0,1,0
2016,9.7,9.8,1,2,65,12,1,1,0,1,1,1,0,1,1,0,0,0,0,0,0,0
2016,9.1,9.9,1,2,50,36,1,1,0,1,1,1,0,1,1,0,0,0,0,0,0,0
2023,9.4,9.7,1,2,50,25,1,0,0,1,1,0,1,0,0,0,0,0,0,0,0,0
2023,9.5,9.3,2,3,175,37,1,1,1,1,1,0,0,0,0,0,0,0,0,0,0,0
2023,9.7,10,4,5,389,350,1,1,0,1,1,0,0,1,1,0,0,1,0,0,0,0
2023,9.5,9.5,1,2,98,51,1,1,0,1,1,0,1,1,0,0,0,0,0,0,0,0
2021,9.1,8.9,1,2,81,48,1,1,0,1,1,0,1,1,1,0,0,1,0,0,0,0
2009,9.4,9.9,0,2,157,25,1,0,1,0,0,0,0,0,0,0,0,0,0,0,1,0
2023,9.4,8.5,1,2,59,55,1,0,0,1,1,1,0,0,0,1,0,0,0,0,0,0
2006,8.3,9.3,0,2,42,15,1,0,0,1,1,1,1,0,0,0,0,0,0,0,0,0
2015,9.1,9.3,0,2,113,61,1,1,0,1,1,0,0,0,0,0,0,0,0,0,0,0
2015,8.7,9.7,0,2,57,30,1,0,0,1,1,0,1,0,0,0,0,0,0,0,0,0
2022,9.4,9.2,1,2,111,50,1,1,0,1,1,1,0,1,1,0,0,0,0,0,0,0
2023,8.7,9.5,1,2,77,32,1,0,0,1,1,1,1,0,0,1,0,0,0,0,0,0
2014,8.1,9.1,0,2,30,15,1,0,1,1,1,0,1,1,0,0,0,0,0,0,0,0
2022,7.7,9.3,2,3,50,47,1,0,0,1,1,0,0,1,0,0,0,0,0,0,0,0
2015,8.7,9.3,0,2,35,17,1,0,0,1,1,0,1,0,0,0,0,0,0,0,0,0
2017,8.1,8.9,2,6,75,30,1,0,1,1,1,0,0,0,0,0,0,0,1,0,0,1
2014,9.2,9.7,5,9,105,140,1,1,0,1,1,0,0,1,0,0,0,0,0,0,0,0
2023,9.5,9.3,1,2,48,26,1,0,0,1,1,1,1,0,0,0,0,0,0,0,0,0
2017,9.5,9.4,1,2,90,25,1,1,0,1,1,0,0,1,1,0,0,0,0,0,0,0
2022,9.9,9.7,1,2,59,49,1,0,0,1,1,1,1,1,0,0,0,0,0,0,0,0
2013,9.3,9.6,2,10,90,160,1,1,0,1,1,1,1,1,1,0,0,0,0,0,0,0
2013,9.3,9.5,0,3,75,35,1,0,0,1,1,0,1,1,1,1,0,0,0,0,0,0
2021,9.7,9.2,1,3,130,32,1,1,1,1,1,0,1,0,1,1,0,0,0,0,0,0
2023,8.6,8.6,1,2,33,25,1,0,0,1,1,1,0,0,0,0,0,0,0,0,0,0
2019,9,8.8,2,2,35,25,1,1,0,1,1,0,1,1,1,1,0,0,0,0,0,0
2017,9.5,9.7,2,5,70,100,1,0,0,1,1,1,1,1,1,0,0,0,0,0,0,0
2010,8.3,8.3,0,2,95,25,0,1,0,1,1,0,1,1,0,0,0,0,0,0,0,0
2023,9.9,9.7,0,2,55,25,1,1,1,1,1,0,0,1,0,0,0,0,0,0,1,0
2010,8.9,8.9,0,2,112,17,0,0,0,1,1,0,0,0,0,0,0,0,0,0,1,1
2019,9.3,9.5,1,2,35,34,1,0,0,1,1,1,0,0,0,1,0,0,0,0,0,0
2020,9.8,9.5,1,2,49,40,1,0,0,1,1,0,1,0,0,1,0,0,0,0,0,0
2021,9.4,8.8,0,2,52,17,0,0,0,1,1,0,1,1,0,0,0,0,0,0,0,0
2019,9,8.9,0,4,39,35,0,0,0,1,1,0,0,0,0,0,0,0,0,0,1,0
2017,9,9.3,1,2,75,25,1,1,0,1,1,0,1,0,1,0,0,0,0,0,0,0
2016,8.6,9.5,0,5,40,15,1,0,1,1,1,0,0,1,0,0,0,1,0,0,1,1
2023,9.7,9.4,1,3,72,62,0,0,0,1,1,0,0,0,0,0,0,0,0,0,0,0
2020,9.4,9.4,2,4,54,50,1,0,1,1,1,1,1,1,1,1,0,0,0,0,0,0
2020,9.6,9.6,2,5,95,90,1,1,0,1,1,1,1,1,0,0,0,0,0,0,0,0
2022,9.2,9.5,1,2,80,56,1,1,0,1,1,1,1,1,1,0,0,0,0,0,0,0
2019,8,9.5,2,5,181,80,1,0,0,1,1,1,1,1,0,0,0,0,0,0,0,0
2015,6.4,8.7,0,3,25,16,0,0,0,1,1,0,1,0,0,0,0,0,0,0,0,0
2021,8.4,9.7,1,2,77,32,0,0,0,0,1,0,0,0,0,1,0,0,0,0,0,0
2016,9.5,9.3,3,5,200,200,1,1,0,1,1,0,1,1,1,0,0,0,0,0,0,0
2020,9.5,9,1,2,75,50,1,1,1,1,1,1,0,1,1,0,0,0,0,0,0,0
2012,8.7,9.2,1,2,38,30,0,1,0,1,1,0,1,0,0,1,0,0,0,0,0,0
2014,9.4,9.5,2,7,150,140,0,1,0,1,1,0,1,1,1,0,0,1,0,0,0,0
2020,9.5,9.5,2,8,75,60,0,0,0,1,1,0,1,1,1,1,0,0,0,0,0,0
2022,9.6,9.5,2,3,65,45,0,0,0,1,1,0,1,0,0,1,0,0,0,0,0,0
2018,7.8,8.7,0,2,53,20,0,0,0,1,1,1,1,0,0,0,0,0,0,0,0,1
2016,9.5,9.6,3,7,100,100,1,1,1,1,1,0,0,1,1,1,0,0,0,0,0,0
2015,9.1,9.3,0,2,113,61,0,1,0,1,1,0,1,0,0,1,0,0,0,0,0,0
2019,9.3,9.3,1,2,65,33,0,0,0,1,1,1,1,0,0,1,0,0,0,0,0,0
2017,8.8,9.4,1,2,110,70,0,0,0,1,1,0,1,0,0,1,0,0,0,0,0,0
2021,8.3,8.1,0,3,22,15,0,0,0,1,1,0,1,1,0,0,0,0,0,0,0,0
2023,9.4,9.1,1,2,74,20,0,1,0,1,1,1,0,1,0,0,0,0,0,0,0,0
2023,7.8,8.5,0,2,22,15,0,0,1,1,1,0,0,1,0,0,0,0,0,0,0,0
2018,7.9,9.4,1,2,33,30,0,0,0,1,1,0,0,0,0,1,0,0,0,0,0,0
2023,9.5,9.6,1,2,68,10,0,0,0,1,1,0,1,0,0,0,0,0,0,0,1,0
2018,8.6,9.5,2,3,140,92,0,0,0,1,1,1,0,0,0,0,0,0,0,0,0,0
2022,9.9,9.7,1,2,93,73,0,0,0,1,1,1,1,0,0,0,0,0,0,0,0,0
2021,9.4,9.8,2,3,90,40,0,0,0,1,1,0,1,0,1,0,0,0,0,0,0,0
2013,8.3,8.4,0,2,41,25,0,0,1,1,1,0,0,1,0,0,0,0,0,0,1,0
2021,8.2,8.8,1,3,190,260,0,1,0,1,1,1,0,0,0,0,0,0,0,0,0,0
2021,8.9,9,0,2,58,20,0,1,1,1,1,0,1,1,0,0,0,0,0,0,0,0
2020,8,8.4,0,2,30,20,0,0,1,1,1,0,0,0,1,0,0,0,1,0,0,1
2023,9.5,9.2,2,5,58,60,0,1,1,1,1,0,0,1,1,0,0,0,0,0,0,0
2022,9.4,9.4,1,3,79,35,0,0,0,1,1,0,0,0,0,1,0,0,0,0,0,0
2021,9.5,9.9,2,2,150,124,0,0,0,1,1,1,1,0,0,0,0,0,0,0,0,0
2023,9.1,9.3,3,4,86,80,0,0,0,1,1,1,1,1,0,0,0,0,0,0,0,0
2021,8.3,8.6,1,2,45,50,0,1,1,1,1,0,1,1,0,0,0,0,0,0,0,0
2022,9.5,9.9,1,2,70,40,0,0,0,1,1,1,1,0,0,1,0,0,0,0,0,0
2010,8.4,9.1,0,2,62,30,0,0,1,1,1,0,0,0,0,0,0,0,0,0,0,0
2009,9.4,9.7,0,2,55,25,0,0,0,1,1,0,0,0,0,0,0,0,0,0,1,0
2018,9.3,9,1,3,56,46,0,0,0,1,1,1,0,1,0,0,0,0,0,0,0,0
2022,9.8,9.8,1,2,98,24,0,1,1,1,1,0,1,1,1,1,0,0,0,0,0,0
2023,9.4,9.1,1,2,230,48,0,1,0,1,1,0,1,0,0,0,0,0,0,0,0,0
2013,9.3,9.5,0,2,70,16,0,0,1,1,1,0,0,1,0,0,0,0,0,0,0,0
2011,9.2,9.2,0,2,45,18,0,0,1,1,1,1,0,1,1,0,0,0,0,0,0,0
2013,9.4,9.5,8,11,300,200,0,1,1,1,1,1,0,1,1,0,0,0,0,0,0,0
2010,9.4,9.9,0,2,210,31,0,1,0,1,1,0,1,0,1,0,0,0,1,0,0,1
2022,9.5,9.6,1,2,83,39,0,1,1,1,1,0,0,1,1,0,0,1,0,0,0,0
2022,8.2,8.2,0,3,50,30,0,0,0,1,1,0,1,0,0,0,0,0,0,0,0,0
2018,9.2,8.6,1,2,68,21,0,1,0,1,1,0,0,1,0,0,0,0,0,0,0,0
2023,8.4,8.3,1,2,49,26,0,0,0,1,1,0,1,0,0,1,0,0,0,0,0,0
2019,7.6,9,1,2,38,45,0,1,0,1,1,1,1,0,1,0,0,0,0,0,0,0
2016,9.3,8.9,0,2,80,38,0,0,0,1,1,1,1,1,1,0,0,0,0,0,0,0
2021,9.5,9.5,0,2,61,16,0,0,0,1,1,1,0,1,0,0,0,0,0,0,0,0
2016,7.6,8,0,2,37,16,0,0,1,1,1,1,0,0,0,0,0,1,0,0,0,0
2019,9.5,9.5,1,2,55,34,0,1,0,1,1,0,0,1,1,0,0,0,0,0,0,0
2021,7.9,9.4,1,2,41,19,0,0,0,1,1,0,1,0,0,1,0,0,0,0,0,0
2021,9.4,9.4,1,2,74,58,0,1,1,1,1,0,0,1,1,0,0,0,0,0,0,0
2016,9.7,9.6,2,7,195,140,0,1,1,1,1,0,1,1,0,0,0,0,0,0,0,0
2008,8.9,9.5,0,2,63,30,0,0,0,1,1,0,0,0,0,0,0,0,1,0,0,1
2021,6.5,6.5,0,2,28,19,0,0,0,1,1,0,0,0,0,0,0,0,0,0,0,0
2020,8.9,9.5,2,3,60,50,0,0,0,1,1,1,0,0,0,1,0,0,0,0,0,0
2022,9.6,9.2,1,2,45,38,0,0,0,1,1,1,1,0,0,1,0,0,0,0,0,0
2018,9.7,9.2,1,2,50,65,0,1,0,1,1,1,1,1,1,0,0,0,0,0,0,0
2019,9.4,9,0,2,45,16,0,0,0,1,1,0,0,1,1,0,0,0,0,0,0,0
2014,8.8,8.5,1,2,50,15,0,1,1,1,1,0,0,0,1,0,0,0,0,0,0,0
2014,9.6,8.6,1,3,25,31,0,0,0,1,1,1,0,0,0,1,0,0,0,0,0,0
2020,9.5,9.5,1,4,50,50,0,0,0,1,1,1,1,0,0,1,0,0,0,0,0,0
2019,7.5,7.5,0,2,45,20,0,0,1,1,1,0,1,0,0,0,0,0,0,0,0,0
2022,9.4,9.7,1,2,73,25,0,0,0,1,1,1,0,0,0,1,0,0,0,0,0,0
2020,9.4,9.3,1,2,40,26,0,0,0,1,1,0,1,0,0,1,0,0,0,0,0,0
2014,9.5,9.9,0,2,125,54,0,1,0,1,1,1,0,1,1,1,0,0,0,0,0,0
2011,8.7,8.2,0,4,50,20,0,0,1,1,1,1,1,1,1,0,0,0,0,0,0,0
2022,9.3,9.2,1,2,110,52,0,0,0,1,1,0,0,0,0,1,0,0,0,0,0,0
2022,8.2,9.7,1,2,123,52,0,0,0,1,1,1,1,0,0,1,0,0,0,0,0,0
2021,8.2,8.7,0,2,30,25,0,0,1,1,1,0,0,0,1,0,0,0,0,0,0,0
2022,9.6,9.7,1,2,56,47,0,0,0,1,1,1,0,1,0,1,0,0,0,0,0,0
2023,10,10,1,2,72,35,0,0,0,1,1,0,1,0,0,0,0,0,0,0,0,0
2021,9.6,9.8,2,5,152,85,0,1,0,1,1,1,1,1,1,0,0,0,0,0,0,0
2018,9.3,9.3,1,6,70,32,0,0,1,1,1,0,1,0,1,0,0,0,0,0,0,0
2022,10,10,3,4,275,170,0,1,1,1,1,0,0,1,1,0,0,0,0,0,0,0
2020,7.8,8,0,2,55,20,0,0,1,1,1,0,1,1,0,0,0,0,0,0,0,0
2019,8.9,10,2,4,237,76,0,0,0,1,1,0,0,0,0,0,0,0,0,0,0,0
2019,9.5,9.6,2,5,80,50,0,0,0,1,1,1,1,1,1,1,0,0,0,0,0,0
2022,9.5,9.3,2,4,80,61,0,0,0,1,1,0,1,0,0,0,0,0,0,0,0,0
2023,9.6,8.4,1,2,72,36,0,0,0,1,1,1,1,0,0,0,0,0,0,0,0,0
2022,9.8,9.6,1,3,150,35,0,1,0,1,1,0,1,1,1,0,0,0,0,0,0,0
2022,9.4,9.4,1,3,92,25,0,1,1,1,1,0,1,1,1,0,0,0,0,0,0,0
2015,9.7,9.5,2,3,70,18,0,0,1,1,1,0,0,1,0,0,0,1,0,0,0,0
2023,9.5,9.2,0,2,30,20,0,0,0,1,1,0,0,0,1,0,0,0,0,0,0,0
2020,9.1,8.9,1,2,68,35,0,1,1,1,1,0,0,1,1,1,0,0,0,0,0,0
2022,8.5,9.7,1,2,62,18,0,0,0,1,1,0,1,0,0,0,0,0,0,0,1,0
2011,8.9,9.6,0,2,54,16,0,0,0,1,1,1,0,0,0,0,0,0,0,0,1,0
2022,9.4,8.7,2,4,92,120,0,1,1,1,1,0,0,1,1,0,0,1,0,0,0,0
2021,9.6,8.7,1,2,42,33,0,1,0,1,1,1,1,0,0,0,0,0,0,0,0,0
2021,9.5,9.8,2,4,75,65,0,1,1,1,1,0,1,1,0,0,0,0,0,0,0,0
2023,9.4,9.7,1,2,45,25,0,1,1,1,1,0,1,0,0,0,0,0,0,0,0,0
2022,9.8,9.3,1,3,133,45,0,1,1,1,1,0,0,1,1,0,0,0,0,0,0,0
2021,9.8,9.4,1,6,140,150,0,1,0,1,1,1,1,0,1,0,0,0,0,0,0,0
2010,8.3,8.4,0,2,59,19,0,0,1,1,1,0,1,0,0,0,0,0,0,0,0,0
2017,7.6,7.6,0,2,62,16,0,0,0,1,1,0,0,0,0,0,0,0,0,0,0,0
2023,9.9,9.5,1,2,54,28,0,0,0,1,1,1,0,0,0,1,0,0,0,0,0,0
2021,9.8,9.8,2,9,210,120,0,1,1,1,1,1,1,0,1,0,0,0,0,0,0,0
2023,9.3,8.3,2,5,69,59,0,0,0,1,1,0,1,0,0,0,0,0,0,0,0,0
2022,9.4,9.8,0,3,103,55,0,0,0,1,1,0,1,0,0,0,0,0,0,0,0,0
2023,8.9,8.3,0,2,54,20,0,0,0,1,1,0,1,1,0,0,0,0,0,0,1,0
2022,9.3,8.7,2,3,120,35,0,1,0,1,1,1,0,1,0,0,0,0,0,0,0,0
2022,9.7,9.4,2,3,176,120,0,1,1,1,1,0,1,1,1,0,0,0,0,0,0,0
2012,8.6,9,0,2,40,20,0,0,0,1,1,0,1,1,0,0,0,0,0,0,0,0
2019,9.6,9.4,1,2,60,50,0,1,0,1,1,1,0,1,1,0,0,0,0,0,0,0
2017,8.4,8.6,0,8,70,55,0,1,1,1,1,0,1,1,1,0,0,0,0,0,0,0
2018,9.6,9.3,1,2,55,38,0,1,0,1,1,0,0,0,1,0,0,0,0,0,0,0
2016,8.9,9.5,0,3,65,28,0,1,0,1,1,0,1,0,0,0,0,0,0,0,1,1
2019,9.5,9.5,2,3,70,70,0,1,1,1,1,1,0,1,1,1,0,0,0,0,0,0
2006,8.1,9.6,0,2,71,16,0,0,1,1,1,0,1,0,0,0,0,0,0,1,1,0
2023,9.7,9.5,1,2,229,29,0,1,1,1,1,0,0,1,0,0,0,0,0,0,0,0
2016,9.1,9.3,1,3,39,35,0,0,0,1,1,1,1,1,1,1,0,0,0,0,1,0
2010,7.9,7.9,0,2,43,20,0,0,0,1,1,0,1,0,0,0,0,0,0,0,0,0
2022,8.6,8.5,0,2,44,15,0,0,1,1,1,0,0,0,0,0,0,0,0,0,1,0
2022,9.8,9.5,0,2,123,34,0,1,1,1,1,0,0,0,0,0,0,0,0,0,0,0
2021,9,9.3,0,2,40,16,0,0,0,1,1,0,0,0,0,0,0,0,0,0,1,0
2023,8.6,9,0,2,81,24,0,0,0,1,1,0,0,1,1,0,0,0,0,0,0,0
2019,9.1,9.7,0,2,35,15,0,0,0,1,1,0,0,1,0,0,0,0,0,0,0,0
2017,5,8,0,2,24,15,0,0,0,1,1,1,0,0,0,0,0,0,0,0,0,0
2019,8.8,9.7,2,3,75,69,0,0,0,1,1,1,0,0,0,1,0,0,0,0,0,0
2021,9.1,8.3,1,2,68,43,0,0,0,1,1,1,1,0,0,0,0,0,0,0,0,0
2022,8.7,9.1,1,2,90,51,0,0,0,1,1,0,1,1,0,0,0,0,0,0,0,0
2014,9.5,9.6,3,6,100,100,0,0,1,1,1,0,1,1,0,0,0,0,0,0,0,0
2015,9,9.3,2,6,90,50,0,0,1,1,1,0,0,1,0,0,0,0,0,0,0,0
2023,9,8.8,2,4,108,38,0,1,1,1,1,0,0,1,1,1,0,0,0,0,0,0
2015,9.7,9.8,1,3,56,30,0,1,1,1,1,0,1,1,1,0,0,0,0,0,0,0
